owner_age,claimed_revenue_decile,business_credit_score,name_email_similarity,business_address_tenure_months,shared_device_registration_count,onboarding_doc_velocity_6h,onboarding_doc_velocity_24h,onboarding_doc_velocity_4w,cross_border_registration,requested_processing_limit,onboarding_duration_days,uses_free_email_domain,txn_count_90d,avg_txn_amount,unique_cardholder_count,repeat_customer_ratio,mcc_amount_zscore,txn_volume_trend_slope,large_txn_spike_ratio,refund_ratio,chargeback_velocity_trend,blue_team_fraud_probability,blue_team_decision,evaded
40,0.8987204115812316,69,0.3953134754435859,25.68738839078231,1.0,4338.55105536504,5364.6141834780665,5025.436316122001,1,501.8641022919024,0.007756229957927742,0,4368.0,102.70019299437853,421.0,0.1544260023468057,-1.1399067980290876,0.07785855866488921,0.05157535595419255,0.023046160521867285,0.010171527965758185,0.24563804,EVADED,1
40,0.6101785190001825,233,0.4844198264979712,33.996222259377454,1.0,3011.166459560175,5178.386903131951,5334.637804421472,0,200.26824580195654,0.0034108866799898107,0,1841.0,84.25744558286533,2046.0,0.01618470273649454,-0.5225340875566653,-0.15944821981563773,0.05083998738754209,0.04837222024194014,-0.0020652497749702827,0.06894224,EVADED,1
40,0.9032930206393319,216,0.7686028112581098,22.682455564180895,1.0,5945.434372232825,2781.5269829212402,6604.626784340482,0,199.76394271649403,0.006991299735084246,0,2756.0,103.18096946247432,1058.0,0.07941482568212266,-0.17467813564278498,0.20041123262207533,0.05075535695992432,0.07924963253166303,-0.002202687874145894,0.06685925,EVADED,1
20,0.8977924762906355,147,0.8656507602869987,34.31263947229326,1.0,2242.323002156721,4730.093119858744,5010.852024033546,0,199.0907985536689,0.004330203294900828,0,4257.0,139.78601076579838,2188.0,0.17501699232155926,-0.17733001184555408,-0.28752714297295984,0.051570615719012725,0.021291144251789608,0.020005951520087724,0.10680829,EVADED,1
49,0.9101660642343044,107,0.5197836504780401,33.8741615594953,1.0,7537.762026744816,4917.569705254436,6206.047234357566,0,1507.9916731628807,0.000348463203590037,0,1789.0,93.09124715049862,607.0,0.13416701766961217,-0.015600198176440691,0.1299851744542938,0.05161117170382437,0.10025111717654261,-0.00828675082555423,0.49471015,EVADED,1
40,0.8972093145519688,99,0.3545807529011265,33.17852250916421,2.0,12638.565529789763,3547.4862132163125,5319.830248955772,0,197.71211229453243,0.0037519456013615973,0,9.0,66.2056308369343,2162.0,0.21780131085945195,-0.8753875740678851,-0.27629923840613263,0.050049487736819706,0.12777082551575988,-0.01476034742243483,0.44994873,EVADED,1
21,0.692093186943249,243,0.1758205995268364,13.487333536837848,1.0,4085.1704228369395,2479.528840483656,4921.435994862979,0,197.729434382793,0.005560306525014408,0,3497.0,90.59685589598794,1958.0,0.1353565287687611,-0.7516224502641722,-0.1972991749097894,0.050034530145896775,0.08245358589425483,-0.0383866224218614,0.13878255,EVADED,1
50,0.9029843650259751,94,0.8693862696861518,34.39570369685714,1.0,12209.619815636901,4231.9432085259505,6513.052871926563,0,503.98073608704306,0.0014161566627634023,1,4609.0,37.15210518417667,345.0,0.27071393042258174,0.05242197399342535,-0.17556564601233168,0.05118129684093221,0.1191908841341286,-0.0046546530498465175,0.009835121,EVADED,1
30,0.30466731997346275,140,0.8938752241389963,34.751013061654454,1.0,3422.2751468999595,4343.633691917821,4302.116194641531,0,200.99351018753666,0.007546472071107721,0,306.0,66.56728295877704,1971.0,0.03879523315916967,-0.7393653494155307,-0.16141627726750718,0.05104850637241661,0.03422893262566565,0.004873303192728931,0.030717077,EVADED,1
20,0.6992797998939343,222,0.8164202810849884,34.11098751624254,1.0,2315.8878053222606,4747.397429871221,5301.023851414661,0,193.02044830604535,0.0,1,832.0,143.04046906017564,1161.0,0.4312986977412379,0.028643400233325067,-0.029208679461213256,0.050397537819021676,0.04674167354921263,-0.006403182444105971,0.012438963,EVADED,1
40,0.07859841189890385,156,0.853623809416772,34.35440570739331,1.0,576.5404121804945,6186.307808981908,5155.678398405065,0,199.23794102668748,0.005521067139261144,0,646042.0,52.68340946773648,1906.0,0.6445879579922205,-0.043347858979080445,-0.1356587002342783,0.05710699173517921,0.025142396401109143,-0.032248021730283315,0.0922615,EVADED,1
40,0.7106137117863177,55,0.6057435183008836,34.22073898866685,2.0,6751.694739875678,3289.198062111737,5373.384323921121,0,203.11890494238673,0.0014965821194061215,1,2830.0,1389.8903720239,708.0,0.24973557666157678,0.20810642752343925,0.04802937542576833,0.05057292339477909,0.022121252405764125,-0.027652654800614844,0.44951284,EVADED,1
30,0.7074033962277896,106,0.8175615133059118,33.68229670485751,1.0,6335.017125932937,4793.495551001718,3119.147277924482,0,2085.9752079073655,0.0036548090636062333,0,2233.0,75.0024912658611,2048.0,0.2414633784315596,-0.408256573912772,0.08361920199366416,0.05063979966158646,0.07055807765191972,-0.03390496881841043,0.013211329,EVADED,1
60,0.706765051389012,235,0.8729791800215793,33.4742724900993,1.0,2997.6708996814773,4191.5489069727155,5584.134345469562,0,201.43217080886066,0.004966312067845639,0,14685.0,53.175875986589666,3450.0,0.24421097049219895,-0.30503759901526456,0.23114469895924905,0.050063197194687846,0.09313803031784178,-0.028867793832511365,0.009172287,EVADED,1
20,0.8939151556031683,73,0.37367893314333134,33.29243736094481,1.0,2761.164263246128,5318.136925135792,2914.057401005026,1,201.11152827225604,0.005037823027417204,0,391.0,145.1332024493895,740.0,0.017629254311348534,-0.30300329898971823,0.12997134258703288,0.05016275840779204,0.00713811160924167,-0.013537331478455419,0.21377812,EVADED,1
40,0.8018052934707858,188,0.8356108581498416,18.471316360766142,1.0,3883.1613724118083,4861.939740618634,4218.411358948638,0,196.21298503277995,0.000638004407960714,1,1235.0,75.4042090088252,438.0,0.05070517207805375,-1.71023938416042,0.2197241662152693,0.052554463668895796,0.015101647993367055,-0.024595888021207928,0.16927716,EVADED,1
50,0.8962108362176527,197,0.8994706701280072,33.897544267702855,2.0,3936.80968685851,4868.442522013926,5238.001791522429,0,201.4915510563819,0.0013482209366817023,1,1701.0,81.11088956818219,2733.0,0.5729576382377348,0.27125405161360217,-0.13325698123108748,0.050066047899474955,0.024266213239866177,-0.005209142130921451,0.40613917,EVADED,1
20,0.6062122606785364,90,0.43769916337000003,16.66044890095123,1.0,3003.1020012715353,6875.443434246345,4950.876851196304,0,200.44177841376535,0.01593862631995651,0,620334.0,85.44384438368711,6580.0,0.6424696833625533,-0.1848862150883988,-0.1385962869489984,0.05024261087031368,0.03741591094859814,-0.02599159364208304,0.023484135,EVADED,1
50,0.8891687194901676,202,0.6934504348441601,110.1564108909004,1.0,5570.363257787682,5580.163620497043,5348.725674732088,0,198.1778733504823,0.005298353654336977,0,957.0,99.1491551023574,1498.0,0.22234838128401446,0.23055313042233222,-0.14445391436903557,0.05072156900503741,0.13074493478880622,0.0067736490623967445,0.037495628,EVADED,1
58,0.9109545711098566,105,0.5786900652306284,33.86926893586105,2.0,9491.02733082258,3299.7427004054944,5137.454953249479,0,198.52423906743084,0.0013747361090892074,1,3294.0,92.70488837579501,151.0,0.09935005434311518,-0.20832667115873196,0.03904854148183509,0.050497260089528484,0.08402862964186542,-0.011204766869715745,0.44715053,EVADED,1
30,0.6991425525533269,110,0.7922862058246011,33.61088577808283,2.0,3342.084586466831,5339.8270905229565,5465.714820329766,0,203.71894395346968,0.0004055967455470341,0,5561.0,71.5434202484298,1267.0,0.2803973639404383,-0.6350031570399675,0.18964926523646952,0.057498402339561376,0.03268081864037333,-0.017505166673209557,0.15746903,EVADED,1
20,0.8901638363544704,236,0.5304934508559701,9.415252717751256,1.0,3029.5254586330916,2829.218358899113,3050.3767796099255,0,507.31083308308416,0.00372687044132406,0,5302.0,104.4817897688599,1484.0,0.2267920300225443,-0.16886493225734217,0.18567157845875562,0.05008883591474269,0.06406960423543252,0.007421789114616238,0.11603121,EVADED,1
20,0.6996205699528584,142,0.7412368764573014,34.16747498141301,1.0,2567.5302531140587,6975.625740167853,5525.460578445464,0,190.85413748937322,0.0049002706959782125,0,2990.0,77.93102436232002,2622.0,0.2754656967125815,-0.21092861826288017,-0.16438053283505116,0.050252032245082054,0.0700670622150158,0.007901815822610146,0.207609,EVADED,1
20,0.3978650625934081,82,0.2282683707306143,34.42537275198967,1.0,10311.741732595321,4973.099989328271,5318.439532787917,0,206.33031349375057,0.002968434395984158,1,14780.0,56.809473081039606,6390.0,0.36685471590999963,-0.5046940421510769,-0.12468387453773425,0.049959366712865744,0.04127335994738314,0.012225042524157664,0.05667672,EVADED,1
20,0.3087668116007711,86,0.955061523455922,32.90007481079292,1.0,11255.732763362674,4782.63938200128,5263.409159752186,0,199.22769149916485,0.005379493925854933,1,3500.0,128.07920954277108,1785.0,0.031831281817157164,-0.23033912800551107,-0.16935115995341993,0.05008353673282547,0.04740382383927917,0.008872670596324085,0.23425378,EVADED,1
40,0.9006694791170349,142,0.8529054768454583,33.9731718202267,1.0,5512.732757031542,4253.269842149662,3081.899186547881,1,1494.4553117110752,0.011664693241613792,0,604790.0,67.92427107135632,2044.0,0.5966405809189204,0.03479616797215679,-0.14574741149125084,0.05742304800175277,0.06663891691654544,0.0030751081212224067,0.3165729,EVADED,1
40,0.8040640561482418,161,0.05426357887432287,34.06626490809671,1.0,3882.1728303813584,2935.8335651354014,4939.638510999158,0,199.55422470385145,0.0,1,2616.0,102.30776055507579,1866.0,0.06800618880079745,-0.617836857433333,-0.17448825008409177,0.051616102825181864,0.027663553104291617,-0.0001042489424472005,0.0023515208,EVADED,1
40,0.6020023944395898,92,0.9988852882778154,33.48227271543501,1.0,5391.242552314219,4992.267835028858,5324.73763498754,0,200.89766862928875,0.0033034836306664542,1,5020.0,63.63762544777634,316.0,0.2239585507283089,-0.4320153202244712,-0.29489761964339584,0.05082003555604512,0.12777572276284418,-0.026258489445564887,0.11525336,EVADED,1
20,0.808332591839362,98,0.8931478913026808,20.843572963938477,1.0,4952.888672761017,4140.660247556388,4203.345054049665,0,2054.3356741417892,0.013884142022166184,0,4665.0,97.8301958430503,605.0,0.06292709215136516,0.2506825192935874,0.25098964926050227,0.05057541880390145,0.06690550021774166,-0.016901480782839935,0.21365492,EVADED,1
20,0.40312958112934266,171,0.9318952626354591,34.072689402688354,1.0,2763.8666970287823,3773.7924858982515,5323.480438069628,0,204.7452250924987,0.0021753770744034934,0,5045.0,67.26895823719863,1618.0,0.07266222388030298,-1.1774050430571272,0.04664024991559746,0.05092286954997953,0.025800516027031123,0.03657136652367547,0.011714802,EVADED,1
40,0.7005979030241607,93,0.15784766102594566,34.72572994810576,1.0,4061.5201572704927,4333.243619329872,4200.010242456429,0,202.57015802678924,0.005171401731064146,1,19324.0,94.47761094085241,9862.0,0.6792727206250023,-0.21586505381531917,0.2256647887542834,0.04987277712815538,0.12854519180420562,0.014627251868072842,0.04713089,EVADED,1
20,0.1968868553103969,108,0.026605898147906884,27.099864199869195,1.0,3808.185364528882,5275.8328190826915,5245.629980832462,0,205.28956785945718,0.008866782390727457,0,1416.0,108.8277284571393,2348.0,0.14006329188209912,-0.016854872151486927,-0.12944685578541593,0.050547303376714335,0.03158601744219389,-0.0019031613389904195,0.0068197027,EVADED,1
40,0.7007371339462504,127,0.9014897337973334,15.834478234567028,1.0,1780.1104461478576,5930.067410241103,4713.27056142623,0,200.10302081226538,0.00462950610314118,1,5978.0,234.13258186552935,2644.0,0.3587906247333529,-0.47740498876542226,-0.17299081460328555,0.04997670129975475,0.038188328463134746,0.0030926943469421716,0.43208665,EVADED,1
40,0.705593465655714,111,0.8734846609730732,34.678072354470245,1.0,3267.2486997863716,1931.2661487138212,4334.902403713863,0,201.6506062873723,0.017528437943218317,1,2677.0,86.62811549306942,664.0,0.26768986648477994,0.14451690477661577,-0.2764372434264951,0.05135824598988356,0.04499221213929679,0.008436862875970313,0.00031429174,EVADED,1
30,0.7031721841562126,33,0.5200401824382089,34.43041995564567,1.0,7105.817934510791,2903.059498611689,5412.369399901987,0,200.74801157563837,0.006605570200687803,1,3423.0,45.37117056026687,295.0,0.2954437580038195,-0.5570461331919987,0.07090278260269903,0.05107956583732424,0.1311491733164864,0.017950537816712107,0.4763119,EVADED,1
20,0.6948652430830703,95,0.9031848293653427,34.233852573532076,1.0,6109.370764280846,6454.907438082262,6649.343611280853,0,196.2609787155856,0.002229537440063634,1,3063.0,71.29378410381975,1428.0,0.032625198104610446,0.010627980099761004,0.05273522027089237,0.05045377288246759,0.04881053621223311,0.00850560299221707,0.027120486,EVADED,1
40,0.7949407384498264,133,0.17051531424046706,101.29049923995042,1.0,8035.2410162488095,4068.3019991063125,4202.356493375806,0,202.1685277769576,0.0053278230079230465,0,2860.0,52.41806420451817,515.0,0.05763113444103111,0.014892045850049357,-0.279658655589377,0.05619641472405158,0.030728813210937032,0.04570287014781223,0.34333298,EVADED,1
40,0.9054946458785929,129,0.8741520887041943,88.1147345834845,1.0,1633.0324471232598,7220.035890452947,6538.207036467813,0,204.72040068406778,0.006513303182895735,0,3899.0,37.21881990613239,1260.0,0.39233836549846873,-0.03249260061731976,-0.1577391454279412,0.05079796084636806,0.011382324402870545,0.04234334634372416,0.08314717,EVADED,1
40,0.9049423250885414,136,0.8835889088654606,34.28425018473433,1.0,6301.994450815887,6192.064959077292,5067.458496268205,0,203.6805239662382,0.003717449114242327,0,2914.0,79.14450338886802,5932.0,0.6457392879725199,-0.0020079496261720536,0.15712426055033635,0.050495411896827797,0.13446571844343264,-0.016002387564902947,0.0503762,EVADED,1
40,0.6914863887030784,114,0.8512797727565846,34.00648165715279,1.0,6022.020247075932,4308.9013192655875,5264.545908446237,0,196.44500770454223,0.002451654402796149,1,5513.0,127.10574528830745,1466.0,0.27467470137116445,-0.13394811560670164,-0.16659278687893123,0.05112924533624242,0.09127862333676492,0.010321930129351356,0.08602685,EVADED,1
40,0.10231356973324386,67,0.3877810582337042,33.830807648325646,1.0,10173.658544234093,8195.932357481064,5237.773638043663,0,200.1003316531594,0.00947483340845708,0,3590.0,333.1527932694686,115.0,0.04257410461582398,-0.6463594323965394,0.05099076731873833,0.05007120079226778,0.12570222797909125,0.025224281444921375,0.37752566,EVADED,1
30,0.6928124296852927,224,0.9152227108554002,27.83866571159061,1.0,1109.6249042617505,3758.325133426182,3427.555323823553,0,202.9161923699383,0.006792899750965516,0,1332.0,119.35386843044525,2145.0,0.2875796199154641,-0.1458339812795263,0.07369221505999034,0.04996857694845997,0.11507025567160448,-0.013817560039447624,0.11543624,EVADED,1
40,0.6984257245154428,100,0.3462173132973018,14.543972563216677,1.0,3081.434151727421,2856.8473254640803,3857.9858263770743,0,200.24112040947634,0.0010401861606194767,1,290.0,75.9143515511818,1657.0,0.3623636441103633,-0.03263350802720845,-0.16453726099099794,0.05014200050253962,0.012766634555888074,0.0023571490338221003,0.03452556,EVADED,1
20,0.79939816284715,152,0.9121351929105397,14.2192589092725,1.0,2497.1384836117713,5107.24525204319,6358.992733629989,0,196.8305764455888,0.04021260179246678,0,3902.0,13.656498272301377,400.0,0.005849632576438994,-0.06185146691103734,-0.15490775237939483,0.05076773362001932,0.0558545854158581,0.002474106659198571,0.013785603,EVADED,1
40,0.7052895933485687,172,0.45611089188429776,25.8622257562756,1.0,4245.091788476317,4339.887558959564,6242.625636680322,0,198.1981990559701,0.001013417384513454,1,1975.0,40.301720859137504,1394.0,0.02256800002689679,-0.6959949965625194,0.05119096658332996,0.050203373982718735,0.0592513158065434,-0.021699130484274604,0.010303296,EVADED,1
40,0.8043817874238087,164,0.9388708167878683,14.068422763062735,1.0,1934.1678752223136,4926.679510242558,5019.514177639601,0,203.52850377787885,0.007708587901410451,0,1591.0,101.8289056742147,1091.0,0.2267300962835298,-0.04037562611737097,-0.17662804311753555,0.05137236086733489,0.06929356929432488,0.012786984298024266,0.13157187,EVADED,1
20,0.908002923686769,100,0.8896246230932371,25.97204977927968,1.0,1995.3193250920297,5782.879196757765,5118.439197596223,0,204.01732697557455,0.0033404023530988333,0,1548.0,144.686304230857,725.0,0.1789457076068407,-0.7870697916367804,0.0473428668102238,0.04987825807003876,0.12967393921086556,0.012334666164997479,0.3829096,EVADED,1
40,0.7030099872729906,100,0.82744606729363,34.26329505221435,1.0,4912.033636620151,5841.860787613973,5176.5534216596125,0,203.03462900926044,0.007782130336293284,1,1507.0,138.84838488340353,1404.0,0.002615337721607904,-0.3841207554695375,0.10706021397887,0.05022391247676292,0.04371521338655731,-0.011157982585089328,0.03172164,EVADED,1
40,0.6977227273658323,186,0.5675166712527601,70.81548454994545,2.0,5383.756781936431,6108.5796552634565,3582.126464646368,1,199.08294975125136,0.005051234713090542,1,185.0,118.1409916923291,1842.0,0.22351000390718936,0.045322565106175244,0.1018682115066143,0.051089192551851556,0.03763842729001911,-0.037331815316593284,0.25284776,EVADED,1
40,0.905896460071889,141,0.9323366174901809,34.778546809887075,1.0,2404.674977845187,1709.2343318269745,4275.827763632093,0,193.16959022669062,0.0019543892519477118,0,0.0,37.57007566665027,386.0,0.24466843843597827,0.16819032993213423,0.03271860151031815,0.05022049985809577,0.02846484989827838,0.01093697482995112,0.13655923,EVADED,1
30,0.5962455348413032,124,0.7798841962446202,38.51882259664322,1.0,3664.923832110764,7910.792512202181,5303.522252465635,1,993.5546795109411,0.008811132145234761,0,3916.0,78.09732337035204,568.0,0.01468704602091383,-1.0855413266015863,-0.14725599961741556,0.05230143689227778,0.019681784843933646,-0.04691322095056817,0.48886937,EVADED,1
40,0.8925327226099721,107,0.8266669123855207,57.233854706484706,1.0,4720.467335711195,4854.724185009678,5592.71454227815,0,206.7241208929958,0.0047107723385395985,0,3838.0,109.45691317380314,150.0,0.030386691158991404,-0.33907770722093644,0.04085282955376375,0.05252221226681705,0.0585015612579252,-0.03205878290629881,0.339069,EVADED,1
40,0.8907751996961034,82,0.7786758149394549,33.64739599578034,1.0,1801.2070532321648,4339.201011356315,5023.17593076712,0,1489.7549755185016,0.0,0,5690.0,54.335760094255924,264.0,0.022170936674053128,0.13194725944249824,0.052746070113291965,0.050050453631668324,0.04444970021797197,0.014702038383449596,0.058196653,EVADED,1
20,0.4006759682366761,211,0.78143300153522,33.338276038887216,1.0,4598.499544230269,4708.918000281574,4314.290625989154,0,201.59466903097743,0.000611280163456514,1,0.0,93.7069532949151,1170.0,0.24300139239590768,-0.6063515120498693,0.2638765418356471,0.057002166158240795,0.0834930082141359,0.04395696778023058,0.26330328,EVADED,1
20,0.1086520505953227,206,0.8636501500961703,11.642929489448367,1.0,4062.0713753108967,2935.1544538137377,4344.24049192134,0,201.52886024740843,0.003976889566036962,0,1694.0,41.13596957566871,665.0,0.14236506561095147,-0.9199522418387305,0.15364330496326198,0.050719055779010126,0.12343435303162942,-0.018070414256028428,0.49958703,EVADED,1
40,0.8968133361443427,171,0.7931761062170214,56.056235598592224,1.0,1837.0068464037424,1742.1544353719141,5040.455037858455,0,203.18578028115598,0.005532481821604141,0,0.0,88.87197096603015,492.0,0.2724914918920356,-0.4073204287235088,-0.07741025074633394,0.050142866368715296,0.029298880575783136,0.04457058663232606,0.37836766,EVADED,1
20,0.4015548993479764,140,0.7826837241266462,33.727677168085094,1.0,6226.348596108571,3701.93690883976,5661.144254122177,0,200.86430816479458,0.003294968388810338,0,1072.0,84.40999838829337,10574.0,0.8500586208496823,0.003014118634335131,0.2649232664521635,0.05019132733857021,0.05426571086547348,0.007792046213081667,0.006984408,EVADED,1
30,0.6997177171949948,91,0.020601768337534312,33.33513652735999,2.0,3641.336963670936,5282.729160890055,5213.938042759496,0,202.3375597882312,0.010354543135103247,1,3682.0,137.0649627874664,3230.0,0.24981265468833513,0.12344198185840127,-0.17859906559592859,0.05108724758983919,0.04168097213382954,0.0005742987878123822,0.2666274,EVADED,1
40,0.9041309257364049,287,0.5729651064046607,33.5836322281576,1.0,2279.926902666264,1948.625479724169,4059.346499066508,0,198.4533866647537,0.0048300008346653656,0,0.0,2411.1120686740423,997.0,0.03372262907473244,-0.17651031777017762,-0.04873060803850412,0.05637294579962794,0.0770215984316769,-0.00934286819170263,0.27005365,EVADED,1
40,0.6980150586366103,143,0.539252038942857,33.98962014412233,1.0,1391.8388715384715,4225.213383996469,5026.493398193563,0,195.35710665327633,0.004116423742450305,1,161.0,72.30382620617748,241.0,0.05028570313109351,0.1291978186610942,0.0718055994491596,0.05189892411984432,0.06989186647504189,-0.0387526965742173,0.41397798,EVADED,1
50,0.9016741749043226,209,0.969449607921503,12.89754802432652,1.0,7048.499345980859,5313.324082263613,5219.364999515029,0,194.13221607811218,0.015752040508321276,1,3724.0,283.4613991243614,1476.0,0.04632057403312084,-0.011171313136183,-0.15301725097637225,0.05074983933336808,0.03659301849068386,-0.010163656493747586,0.325202,EVADED,1
50,0.4054229571994859,181,1.0,56.076875658959864,1.0,3875.190507089967,5011.293757110077,6402.050462038423,0,200.5238845135657,0.0037597057361612005,0,1546.0,99.1301461491427,1387.0,0.2388851324591782,-0.9180432833187336,0.23299933105951576,0.04997258245617826,0.06717283950466328,0.013217123566334017,0.0323071,EVADED,1
40,0.20621383383522265,122,0.9192787581487203,22.28011712575714,1.0,11458.736136824784,6552.522632432393,4308.091251585245,0,202.5236008754286,0.010731468245826388,0,2899.0,105.06154234259978,364.0,0.17235395730621164,-0.05441000937382584,0.3795158682106278,0.05065963411112161,0.08399901479920859,-0.0024023249167045013,0.0156458,EVADED,1
40,0.9092988677313953,110,0.933339011501174,34.45745145323308,1.0,7791.532577692807,5624.734274676344,5163.135518739056,0,206.1139622581245,0.004487474697649898,0,2683.0,79.33724841249727,1738.0,0.2752842782217654,0.08719073587096351,-0.19141901033871295,0.051512431669929165,0.009847449396138802,-0.021324691294547442,0.021875737,EVADED,1
40,0.7959818462778013,96,0.7895725561962791,33.29592508079738,2.0,6847.61603004893,7590.590382440847,5515.111097220905,0,196.53625087300816,0.0,0,1725.0,101.19820723568805,1784.0,0.06845815498659164,0.1774615109418842,0.17067834392273454,0.051073155910048636,0.05959445113233223,0.01506068571014963,0.47237998,EVADED,1
20,0.7126349094548852,147,0.7881055049434693,34.770287857236575,1.0,10360.46678541342,2279.6329919845252,4062.276546141372,0,1474.4646363889083,0.0028786764553212526,0,0.0,84.19794531842221,609.0,0.017841714352348076,0.15065053557430408,0.027724610279036797,0.050357319593949276,0.08433811761596016,-0.015859170805187922,0.4846027,EVADED,1
40,0.20063988279239905,224,0.45863109982585937,33.00815370587385,1.0,3805.815706858336,3170.190493409341,4216.355598336866,0,195.70126176577705,0.0,0,2679.0,104.31372425035883,575.0,0.09785744472445988,-1.3775844965746082,0.04575623396468881,0.05011076799926698,0.02814315658299105,0.04623819048754792,0.20938918,EVADED,1
20,0.9037916573430476,76,1.0,14.604683691170269,1.0,1991.6312039584338,4880.912639772466,2976.280241197934,0,1502.9130220979496,0.00690541249104046,0,143.0,290.83073631176944,1270.0,0.035279607151515055,-0.8482074446202206,0.06637246088970741,0.04976785932341922,0.08011029866233538,-0.005016769322155253,0.32088426,EVADED,1
40,0.897205823591068,197,0.47230353567947897,21.717299891928416,1.0,57.31463569635207,4756.861707464896,4235.860786103125,0,208.1328435412724,0.004414470923053379,0,1266.0,92.37022664056862,588.0,0.03662123618047498,-0.650771538202696,0.04226879807228208,0.05089288553941534,0.013969638062025405,-0.010286859029343487,0.043821476,EVADED,1
40,0.7012063135171351,281,0.2916928770790279,26.31602965635563,1.0,3869.009951837214,4259.664622024515,4173.75889165337,0,193.45226017406668,0.0019968529017866422,0,2278.0,101.43622969107378,742.0,0.03492404060363265,-0.007510230421810978,0.05123838391673445,0.0507680453723036,0.07246628014731811,0.00983131871210284,0.20149364,EVADED,1
40,0.6986822026291443,187,0.844711665055467,34.74600130924011,2.0,4370.193389750225,5206.7982937643055,5298.264879956285,0,206.60786594243223,0.00411967813455472,1,0.0,156.52962559906587,304.0,0.25191609253711966,-0.06660173487483437,0.06763490559866202,0.05197199863948735,0.029244569971934857,-0.004511421579699189,0.34489286,EVADED,1
30,0.9024375667859726,125,0.5713143581654522,33.41735856243751,2.0,7675.549653340967,5639.709116959174,3107.9339462209173,0,205.43720963414094,0.002788059268595488,0,630908.0,62.59035952227987,10604.0,0.9763251222411098,0.018270529484911313,0.24544107788390224,0.05031728616342075,0.02699796581480022,-0.03760125649823031,0.020169389,EVADED,1
40,0.9097567845605353,164,0.746240302647162,34.62642011789296,1.0,1194.6544246910235,4006.3475591620013,3174.6869421969723,0,203.17482268069134,0.012178862034014089,1,603.0,65.96905773805133,1815.0,0.3304099093399282,0.14596014433868693,0.08329841089720927,0.05003142278326975,0.13309490140880584,-0.033257648418157995,0.21061014,EVADED,1
20,0.8961072098590315,124,0.4856034933548867,33.65547632015574,1.0,2801.511597005556,6935.240802290855,5321.420608387859,0,502.8028326479718,0.04412098440260552,1,1248.0,372.7257630721985,1281.0,0.40433643763041605,0.5477912961383892,-0.16663594244467264,0.050591586372279056,0.13546771008665723,0.046755265903068194,0.41959855,EVADED,1
40,0.38824399114317526,133,0.015301874432954374,19.976653136468876,1.0,6100.365986038722,4508.650549563939,3321.495312313029,1,203.17762721339767,0.0015410579938291231,1,2413.0,157.30733168285798,1048.0,0.21158626539191902,-0.19576674107996594,-0.09274220927589985,0.052357154256764925,0.0944301910832526,-0.01199275411402014,0.45497373,EVADED,1
20,0.69904646389528,220,0.9653051809956429,33.93817773643567,1.0,3988.87323478008,4996.544601483349,5661.880940239454,0,197.82543808576875,0.002012000942544622,1,609.0,221.88635293365394,22.0,0.022040634294363343,-0.8780227819515427,-0.08596451622449353,0.05018842473126494,0.1244352547832264,-0.0035201996966878722,0.12818949,EVADED,1
60,0.9001193843178708,58,0.8077336889588564,33.66845458955993,1.0,1716.9747921292599,3336.749328256929,3262.027602042241,0,992.586787611399,0.005972815934489503,0,612674.0,69.05342023633713,2035.0,0.6079039970261706,0.014286283354799506,-0.1500366291833971,0.051142813540137354,0.04667977344038458,-0.010486346663317912,0.0032957632,EVADED,1
40,0.0857685286499936,119,0.9028674270028121,33.73929303069811,1.0,3191.8559915210344,4301.766159188747,5197.73555764224,0,198.17764563942896,0.004164935450532876,0,616882.0,78.47976345295167,2201.0,0.5824116214695864,-0.38326611710312064,-0.1610409355512312,0.05682497669223606,0.01734164618857027,-0.019393278638941733,0.027755564,EVADED,1
40,0.6992290169600369,43,0.8230418148380036,34.319391079681914,1.0,2056.6156864691175,4609.843006198747,4689.043578539354,0,199.19773679684704,0.0027978858143844878,1,3605.0,68.35446763077566,1707.0,0.17303080165007612,0.17843198779520417,0.04486731385065341,0.051056869174085,0.05852124084003108,-0.0013954510747489785,0.020830382,EVADED,1
72,0.70199578868106,147,0.8839182421330612,23.249968436794482,1.0,1541.497595499647,3619.289731881467,3165.249195584617,0,205.6317272110816,0.013635989176073171,0,4745.0,105.54859563033405,2503.0,0.21613783476134235,-0.4364704695873235,-0.15743469070389365,0.05143780353640767,0.02791455346481228,0.006933033183971835,0.14687888,EVADED,1
40,0.8014602782125206,175,0.9084328345066607,34.106407816564996,2.0,7923.0565508344935,6746.826437222471,4381.523496770103,0,493.0712493750731,0.0024385102841202053,0,1948.0,81.60026346165373,2170.0,0.274614326904134,0.0033141823376602406,0.055241699275899156,0.05070328559560924,0.03899129801069359,-0.02392433750829249,0.11778565,EVADED,1
40,0.8069355138925444,17,0.3415647458237295,26.744334522052345,1.0,12213.342454074138,5496.813639697941,4761.923938247758,0,200.77204926045235,0.00763967221045816,1,4506.0,60.17079402555253,1113.0,0.031234731516743764,-0.16369156257115985,-0.1727518944209888,0.05029685525077627,0.0897061983217697,0.04859775609290316,0.41724402,EVADED,1
30,0.8929084390018864,45,0.18262071809677208,33.86107391411075,1.0,4788.848431181765,3883.7846698034537,4158.585639069086,0,200.78102895547886,0.00527458799385333,1,1075.0,72.2950292259007,268.0,0.3294755648234291,-0.2734508105404393,0.05593389813123613,0.052275606027257476,0.07108455745198305,-0.013889980124726193,0.44201386,EVADED,1
30,0.797480632401024,125,0.512047613679329,194.5903156744697,1.0,6804.304906246631,5201.634003091638,5221.078083067284,0,205.47118846065104,0.0006818199818809782,1,1945.0,297.1356861195613,536.0,0.034217140348966196,0.15684669191209338,-0.06211378359105099,0.049883377290258095,0.12496641459929941,0.013223172034951908,0.4301543,EVADED,1
20,0.11433759048504642,178,0.8543253512391946,26.702176159623967,1.0,4113.71631824402,4327.871841988937,5149.3123358401335,0,200.96831153779684,0.004440496499431802,0,1921.0,109.17920170320161,413.0,0.1183454604421758,-0.6000949712828968,-0.2733096185894339,0.05033927251069032,0.08295378841824666,-0.013992684324213241,0.49524304,EVADED,1
30,0.8924723106686269,58,0.9265651351119593,13.16402050206961,1.0,4284.299854808959,3237.110666608343,5013.809028441929,0,1496.8023681306436,0.005435706599931648,1,2369.0,330.20787942647064,456.0,0.04875154812925768,2.786469862664509e-05,0.049385142180589946,0.05158528967807157,0.09630098173234133,-0.023593633390829954,0.25348848,EVADED,1
40,0.706278827648036,145,0.4721947380095719,34.28571291928101,1.0,7131.477423753214,6756.213987507428,3290.4032563737746,0,198.191109941,0.0006323504040750146,0,3764.0,122.45636335197534,1644.0,0.16594508499215296,-0.0010846691193465456,-0.17577597363849498,0.05100008350337083,0.05411591336946363,0.034050302977392775,0.03731976,EVADED,1
20,0.4940354354979711,199,0.8198585503727644,8.965451874839319,1.0,1837.761576628273,8465.882584499734,5293.996283441879,0,988.1094839203288,0.003232955165284545,0,3260.0,121.19442332816372,1113.0,0.0,-0.5729425620155221,-0.08806988838809428,0.0504870804018862,0.07824025509946318,0.016297005078918233,0.16185622,EVADED,1
20,0.7024885907551566,212,0.9799976928925487,43.421061465050585,1.0,6172.671495516624,2842.1921386513914,4919.631004056752,0,197.2265169552346,0.0037841709453390222,0,4347.0,79.81282305467869,690.0,0.04319162725819879,-0.16950432240221536,0.06703252853381998,0.050872470878620416,0.053638702520122976,0.04362523934546503,0.3980211,EVADED,1
73,0.8990998068848712,139,0.15526350733210703,32.905669877047295,1.0,3274.5408250118276,2902.438176162991,5014.449242173472,0,200.49398569081748,0.011131266553344113,1,2143.0,103.27272394225255,1112.0,0.23566397558061467,-0.27105926178962286,-0.17418361839244845,0.050649846142506075,0.10296704940508024,0.015740578709489497,0.27663648,EVADED,1
60,0.40863955943545244,120,0.8382514776568817,21.7920054390546,2.0,2063.2589079585423,3267.1337911145215,5402.423346037162,0,203.80732446869376,0.015452509671862902,0,628402.0,38.083600208681375,8771.0,0.9230181345015371,-0.15864324552818126,-0.1771541726955308,0.049839461555866646,0.045716916734396415,-0.030782343700968485,0.15510286,EVADED,1
20,0.9059870931069302,136,0.27038756187312896,150.99091654175788,1.0,9298.833019133814,5516.527757214756,5027.194333248618,0,203.1334070280472,0.000411224080789834,1,3394.0,129.34920042181815,1890.0,0.3411895085807073,-0.1568881929738789,-0.15122840926417613,0.051357591420230504,0.04087016779577296,0.04999111328036692,0.39184803,EVADED,1
20,0.691325443123505,188,0.9915686518227791,34.29744397988792,1.0,2609.749687995106,5252.217713267902,4332.777469562027,0,194.56516375440964,0.0,0,4858.0,93.34097914322601,2394.0,0.1770286852911999,0.03435584949895107,-0.19855845338105563,0.05154741742883745,0.08373121076898352,0.02729581602462411,0.42903784,EVADED,1
50,0.9137512960133729,135,0.3899863928851721,12.975121300808397,1.0,2296.256199246595,4329.978698736463,5216.721176891541,0,199.5516046170983,0.003447924518953514,0,0.0,112.07883454555629,599.0,0.03152063028489169,-0.7169077570828101,-0.08198757160139755,0.05210510052311193,0.008136051499017135,-0.011803856345614165,0.0710586,EVADED,1
30,0.1083350696675649,151,0.2352224869778301,38.05146646368654,1.0,4682.243408170895,4626.030982504431,3321.177644025061,0,193.5208256348762,0.016308051446061844,0,3751.0,94.59286747090798,1056.0,0.05065607554285893,-0.6984297997961305,-0.08767328711846081,0.05037278337491401,0.08351611625868985,-0.02488003307836639,0.043998342,EVADED,1
20,0.6064644178399671,106,0.7495933859652104,34.346152280093236,1.0,4692.449616114868,4849.1299259151065,5386.56953438503,0,191.82683236212685,0.0033587825516091865,0,2340.0,71.97406196141799,3234.0,0.5290190477432993,0.1691145655550614,-0.12966956622751669,0.04989537304341436,0.029101227024648204,-0.02607823256556165,0.11495341,EVADED,1
40,0.7145833539176931,181,0.6258400920596146,22.142335528546006,1.0,5517.077835101635,3923.1637651225883,3221.1940184980313,0,504.73911919908005,0.012889653754776043,0,1121.0,129.67250379499248,399.0,0.3700637107619107,-0.18041551370386966,0.251461380263875,0.049967356194039705,0.044526168254489684,0.018340120378913565,0.028287232,EVADED,1
40,0.7032647937371916,281,0.6164768675435122,34.961349876603684,1.0,3133.4578504944743,4961.166654894581,5001.281654528256,0,195.16093220733813,0.001969107072145706,1,3334.0,128.43372486065675,2949.0,0.2800855833516842,-0.03258383779429774,0.0781932141933675,0.050563408624559394,0.039203363376735745,0.01030750727790821,0.08113032,EVADED,1
40,0.5065458205320896,47,1.0,33.07037827403331,1.0,5930.826787373062,2786.06255794746,2983.361093916003,0,1508.896475901282,0.003037356767506532,1,82.0,309.0773140654972,166.0,0.04994300644142852,0.09263658986699344,0.03601231333782218,0.05090345661452866,0.06486334237499555,0.04619493196772841,0.42451644,EVADED,1
40,0.9096240104647999,176,0.3870322806930332,9.485652764801985,1.0,3591.07552540915,3196.9199370425645,5037.62081908095,0,195.35876554637213,0.0032901976304074423,0,3092.0,113.74092732985268,676.0,0.11179529324978173,-0.7371313556793554,-0.15705653553056267,0.050378152329640394,0.09380974232570644,-0.051530001387076925,0.15418941,EVADED,1
40,0.898512195810959,154,0.8358235448060499,33.10083467305975,1.0,5850.863011926006,5140.864122785337,3115.743473680401,0,198.52659714189423,0.0011781368863606535,0,3418.0,95.98801826207742,1096.0,0.21436761973571344,-0.4133862476826614,-0.04754856949418308,0.050442023829240665,0.05287332176464967,0.01842549504842668,0.064284764,EVADED,1
20,0.7032617464284171,109,0.8063399783517028,87.80519060799324,1.0,8568.525018302584,5854.652066661555,4728.7676281788845,0,203.42210734242917,0.0032679826941142205,0,3131.0,112.65424237400006,1289.0,0.23497967730310576,0.222951014429966,-0.14205051417368492,0.04997330630411671,0.13028835761130161,0.016228150999786528,0.48650533,EVADED,1
40,0.702941663590768,112,1.0,32.85793151688008,1.0,5110.957508682314,5582.437858099992,4325.857459154665,0,1520.4916439674905,0.002047604964566012,0,1360.0,93.10234281666098,915.0,0.04409569137207055,-0.1758255124813218,0.04731955210533663,0.050942714834081054,0.02423916417552208,0.005008386493126056,0.041573536,EVADED,1
40,0.7074994861770689,103,0.6196458154620093,34.055702927275846,1.0,2262.009075401848,5954.61307246892,5030.8094202500815,0,196.97642342343704,0.0025272853532069986,0,605.0,94.72480323548783,1208.0,0.12413905672108275,-1.0722120742311758,0.021453747055095708,0.05029317026190011,0.12693739327561512,-0.024846452953086018,0.08794173,EVADED,1
40,0.6947294344238171,287,0.8465036167813358,34.18912080127737,1.0,3968.8624706145574,3416.8820813632205,4078.1258344288785,0,194.6394389072306,0.0033081403633240746,0,3829.0,76.04425922792093,1084.0,0.2206094719032742,-0.6853984228709672,0.06993821700947025,0.05015888179095254,0.0715043171700382,0.01558662159033582,0.031521462,EVADED,1
40,0.9038423984890409,107,0.168657472650803,7.421905896248597,1.0,1172.6750630887675,5800.272657175866,4404.852806425866,1,195.07949695152982,0.0036785701097315007,0,3180.0,2473.6000456366296,624.0,0.15056891672207137,-0.25261952186021175,-0.077856334918243,0.052563612718411874,0.06918897898136336,-0.023801771814978265,0.39432707,EVADED,1
30,0.3207043693002736,160,0.8138883600080083,16.799414128037853,1.0,3056.803275353487,2740.816225773653,4372.249731416453,0,207.86164965267037,0.006687562888558348,0,630486.0,32.80543627729229,9218.0,1.0,0.04551369396835027,0.22590444734747814,0.04988006002476636,0.0950277955420597,-0.03195500658227613,0.041238908,EVADED,1
40,0.3956255403346686,221,0.821495104506133,34.33358314620062,1.0,5249.060950670037,8246.06100823844,4659.800860682442,0,1482.833206183428,0.010514717589093564,0,3095.0,27.3377632481918,640.0,0.2921651473522951,-0.4592798993861244,-0.12638061690574764,0.05128965819454991,0.13940629775171332,0.031285393641728075,0.16334324,EVADED,1
40,0.895713398013537,127,0.925942476543222,35.31182930639018,1.0,404.0307341235457,3163.578277608272,5088.700589816349,0,191.49129759492374,0.002019205878969519,0,3842.0,108.75891726537989,1618.0,0.02271433070960978,-0.022204628539139376,0.040714598953569346,0.05027547480752449,0.07134042089486246,0.016129173106390216,0.113376126,EVADED,1
40,0.9088439770192263,69,0.7964543252621967,33.89641906160956,1.0,2984.2523037149504,5379.895434400803,4205.3835970205755,0,504.7854065132658,0.0007815151683600143,1,4571.0,33.405580676506375,1592.0,0.30190638128346114,0.1353393093916917,0.03499643683829168,0.05136278904494674,0.07579481144147218,0.0024710774946988456,0.3100988,EVADED,1
50,0.8978534319046698,231,0.24825966812852784,33.9819779859456,1.0,1815.627740657999,4198.367907140273,6431.811845270096,0,197.9977299072769,0.0,0,0.0,95.92044367724239,607.0,0.021119933322669548,-0.10682167544998078,-0.26192739345763777,0.05091503820402223,0.09657483802383728,-0.02419401771352444,0.1024074,EVADED,1
20,0.9058445336589411,167,0.642051323144632,20.85962483529718,2.0,7538.80978963838,7434.164596262419,6933.896208483921,0,205.00793251544468,0.003138443141982774,0,2900.0,68.75330735290729,2086.0,0.5310682802244753,0.014001631026475503,-0.1733919677807698,0.05047686697423536,0.03266629957682156,-0.028813531547389262,0.31158674,EVADED,1
40,0.6103634232716912,44,0.3416677667922197,21.025675508599264,2.0,3640.8596918835124,3925.6036272799483,5422.166705483099,0,1502.4512713738884,0.001661761403752369,1,3152.0,137.6677754209761,923.0,0.018234089879075092,-0.9977842974199993,0.05206932858944549,0.05114670422842612,0.038738852203342736,-0.012541214726419126,0.2970739,EVADED,1
40,0.8968949450823177,251,0.4556936106050886,33.49907586231626,1.0,2736.345526742878,4413.421282928235,5206.631369935694,0,201.41496105805305,0.0048021747086048165,1,0.0,241.62057101621446,470.0,0.052454378462893386,-1.0852722951261315,-0.0634876218285239,0.04990359764816562,0.072022801006559,-0.0015805616651929297,0.08215863,EVADED,1
40,0.4085373544676915,107,0.9198659497568191,34.07152169960455,1.0,10143.033692432808,4893.569313888886,5474.309888767396,0,993.4674096974597,0.005943487136976551,0,1839.0,72.48468865131376,1531.0,0.22805759086628555,-0.5929758971510104,-0.003703663145511134,0.05090862917588078,0.055408063374889675,-0.012213322625033433,0.39482495,EVADED,1
40,0.5085510387208888,40,0.9150866950843731,33.30932824594085,2.0,7104.645770024112,5452.767756824381,4345.668001444965,0,197.0126041796882,0.002585555394476623,0,3410.0,63.09695615896423,334.0,0.035975069813166935,-0.42242906373011213,-0.07936503147854962,0.051978472135546565,0.037860123317650256,-0.006943251777242408,0.34175256,EVADED,1
30,0.10899860544137067,65,0.8035751544427852,34.1113291701673,2.0,1752.2947542154448,3181.3288382158175,4894.720539853769,0,494.96023496888535,0.013939628487932253,1,1733.0,64.81728470806107,6445.0,0.6210464930276385,0.061025077022234475,-0.12729725989417862,0.04992195036959671,0.06783249252295544,-0.0032421411845838925,0.36689484,EVADED,1
20,0.7078709590762192,118,0.7515367065167925,12.198260229699274,1.0,5436.914522895303,5380.305522365786,4214.222869422983,1,193.34085554122822,0.0058393010358911805,0,0.0,91.32255384727078,720.0,0.02229363912611888,-0.2200117862501178,-0.18427393874367143,0.05131397900874079,0.041614458797589196,-0.014712870764494472,0.47795388,EVADED,1
40,0.3942072957596093,83,0.1912117543338014,24.940764175950576,1.0,7049.680034563152,3427.5639292492783,6701.026629246639,1,195.98958559788417,0.02831607880333755,1,3341.0,86.05599048949055,603.0,0.3546912049500413,-0.1206610597684898,-0.19396837930597582,0.050752893422297385,0.031804062243336,-0.017159411583611332,0.029000308,EVADED,1
40,0.7025777432100205,29,0.9402879711884855,34.07002498786105,1.0,4474.026405243087,4894.9589831035955,5494.07730029691,0,206.0077092444938,0.004067455270960337,0,645050.0,104.4105352811612,6016.0,0.6381114773663725,-0.23113734031505864,-0.19367482611354556,0.05117767027329672,0.06534480790875134,0.010272642878745384,0.14662257,EVADED,1
18,0.5075137325391155,192,0.2604713561670683,104.53200146343897,1.0,2627.4664932589358,2086.412064844234,6404.752914086232,0,190.0822828981851,0.00601158474606951,0,3509.0,251.17788108155187,1495.0,0.31839881425813693,0.20780404881117615,0.17716404201243735,0.04990846043532856,0.08385889758886014,-0.02419148081141985,0.2587161,EVADED,1
30,0.6995903919241623,235,0.5940747493452134,34.156278415023074,1.0,11823.646874523283,5763.3138182066305,5371.745472371537,0,193.09925570400904,0.005501453107181353,0,5031.0,125.53322668645342,1475.0,0.33750760547161057,-0.47394231040753265,0.07036042312053942,0.050253238433529274,0.13837627610655437,-0.026269804687775334,0.03909582,EVADED,1
40,0.9039335509999339,244,0.11629642555977134,34.62836370625805,1.0,5830.312731084536,6510.913768358065,5143.6592042003695,0,488.3155398409179,0.0039896976220737245,0,1729.0,164.5534619064097,2176.0,0.24789965659123053,-0.01176622320915685,-0.13235055320554576,0.050266852830440585,0.08307188053072677,-0.005449632415905655,0.35705313,EVADED,1
20,0.8978705647778142,204,0.48543266329869794,10.417189538984696,1.0,4140.883086840233,4440.345318239428,4865.427868069265,0,202.38039418917143,0.014225693805732072,0,328.0,154.79242778131615,432.0,0.014050727069046753,-0.4167015007824295,0.049782595875272354,0.05036093775468056,0.029969999394166294,0.003433215199104651,0.1289434,EVADED,1
40,0.910308902702074,260,0.8644271202169896,33.50068893089393,1.0,11795.46801571168,2239.7503416289637,3743.8895718883355,0,1488.545309147774,0.005682574704980244,0,0.0,267.02485428513734,454.0,0.3453286510617687,-0.1809540423451117,0.07891909493692928,0.05088623511623596,0.08166828962271255,-0.014640687605430948,0.11245814,EVADED,1
40,0.09903147039855782,92,0.7816606107436067,34.323576106174514,1.0,5804.198202460417,4466.660969636263,4989.112201189923,0,196.8351523534224,0.002412509615247887,0,0.0,321.20016012103815,424.0,0.03887563898011624,-0.020137872426990805,0.05678228338869624,0.0502634147662773,0.025380902122759737,-0.001029392056444476,0.13526917,EVADED,1
20,0.7935378613127247,80,0.567758930698511,25.27178813432244,2.0,5145.54494448854,7982.9401635098375,4980.742356734174,1,201.5497190136287,0.0332905390348031,1,4020.0,172.078693118797,2960.0,0.10756214319275743,-1.3679220238431133,-0.16712659237518718,0.0506620282974085,0.05185517464656875,-0.022796079677174064,0.010840305,EVADED,1
40,0.9047127662899448,200,1.0,53.603263158550924,2.0,3889.655079895135,3945.9549499386308,6895.077641799561,0,203.3084686834345,0.001474774339856863,0,5632.0,87.84309234978247,6072.0,0.4878289227147566,0.03277173720861472,0.15644356771269544,0.050978841998821856,0.10061448713322882,-0.020548818286765573,0.25359362,EVADED,1
40,0.791525124865787,60,0.8028716626972376,33.84055645238523,2.0,4240.626415369601,4124.513040944767,4802.3258134974185,0,194.8226799436535,0.002529767864213147,0,2057.0,103.44397294793438,841.0,0.027895869853457995,0.16969436799566803,0.07255922280162,0.0505716166838376,0.06898865568151394,-0.002259222151365616,0.4471938,EVADED,1
40,0.40635332225390114,91,0.10896568461803446,96.37845104168835,1.0,6328.836922628161,7929.644630287859,5589.381577639307,0,1528.3615783844743,0.010079390396475332,1,5573.0,73.32019932211418,1594.0,0.1631022320767888,0.0004734215057418077,-0.18927390254233506,0.050777902624824116,0.0843939046324678,0.04790385416761371,0.36104822,EVADED,1
59,0.49786236953297053,132,0.955633995101258,28.478406822957886,1.0,1884.7019778239098,3630.6803280625118,5277.55828406411,0,510.25807334107793,0.016316039402174718,1,14147.0,30.62223556215242,3103.0,0.21225731369253426,-0.2417535640320412,-0.1849997877236168,0.05089098497215107,0.07666980941916098,-0.008305276350937477,0.06503251,EVADED,1
20,0.6964319388195906,207,0.7704164745837306,29.394519016726882,1.0,4779.791041261733,2771.4797266541,2929.6138618264536,0,200.77119595846077,0.0033075519077679226,0,1705.0,122.01059208739613,525.0,0.03835842859214674,-0.8870353495052945,-0.06637804400727966,0.05021212046740251,0.022771561264435164,-0.055940274286290045,0.023938427,EVADED,1
20,0.30210786575996323,58,0.9459104904903036,24.631588401560794,1.0,2488.2332947053515,6041.752086187012,3202.927428227605,0,203.40856149861426,0.005720490219045413,1,663153.0,117.71850009579222,1488.0,0.5089815501436652,-0.023640967955803078,-0.17130382020033924,0.05081905545487711,0.07925420340072652,0.006478542438504447,0.3167597,EVADED,1
30,0.7075389327349553,69,0.8317268507090797,33.89500957809112,1.0,8429.502268998838,5198.3734656569195,4940.825995777973,0,197.19948078572824,0.0031531090715430513,1,592239.0,128.10161030046206,1014.0,0.4632025035442462,-0.1864869323489075,0.16537035553202872,0.050481853313668154,0.1154973391172671,0.003611619852911368,0.49154466,EVADED,1
20,0.8945564436272397,123,0.8074223274443535,87.78264495673183,1.0,4232.728439684647,6108.825721732746,5263.552049133766,0,200.78231107714294,0.0018769289206907848,1,4023.0,84.33347696344123,1638.0,0.19852601068283474,0.03331390171061023,0.2555389879718376,0.050236421590555747,0.08681093002620428,0.015885943605330032,0.010122823,EVADED,1
20,0.8959546990836077,90,0.9857689588684401,34.47398441418691,1.0,6014.520144992354,4290.2342387107965,3142.3625064162184,0,199.18607285838175,0.002434423063004861,0,399.0,37.97262862667347,574.0,0.04519438248291126,-0.2804717011699603,-0.14227840419513968,0.05000720172801157,0.1272044670053872,0.04389951110118704,0.49397364,EVADED,1
20,0.7051159221757687,105,0.9276392411717573,34.8192242172077,1.0,8860.705203951953,4844.118148149695,5002.8349935079095,0,206.8832942445771,0.022089226670983175,0,1569.0,102.40400868595202,2944.0,0.2148138624808369,-0.8737773739705903,0.24706304805910048,0.05083539577923542,0.034029506579172426,-0.029212204618488054,0.06436489,EVADED,1
40,0.7050224587921097,82,0.8543590800747336,33.40847709933359,2.0,4616.567933725009,4434.106829474019,3082.9775104457362,0,199.92008389660484,0.003547909506781984,1,1189.0,124.12109449868815,394.0,0.04588892214675601,-0.5955605444714344,0.07577331207705865,0.0502039729409253,0.08991080317174831,-0.03549522197316202,0.34056816,EVADED,1
